timestamp,complaint,category,sentiment,priority,key_issue,business_action,root_cause,recommended_resolution,escalation_recommendation,resolution_status
2026-09-12 10:53:51,"My money was deducted from my account, but the payment failed. I have not received my refund for 5 days",Payment/Transfer Issue,NEGATIVE,HIGH,"The customer's money was debited for a failed payment, and the expected refund has not been processed after five days.","Immediately trace the failed transaction, verify the status, and expedite the refund credit back to the customer's account. Proactively reach out to the customer with an update and confirmation of the refund to resolve their concern. Investigate the automated refund system to prevent delays on failed transactions in the future.",Unknown,Unknown,Unknown,Unknown
2026-09-12 19:04:49,The banking app crashed while I was making a payment. Now I don't know whether the payment went through.,Technical Issue,NEGATIVE,HIGH,"The mobile banking app crashed mid-transaction, leaving the customer uncertain if their payment was processed.","Immediately inspect the customer's transaction history to verify the payment status and send them a clear confirmation update. Additionally, forward the app crash logs to the technical team to identify and resolve the stability bug causing failures during payments.",Unknown,Unknown,Unknown,Unknown
2026-09-12 19:05:55,"I transferred ₹25,000 through mobile banking, and the amount was debited from my account, but the money has not reached the beneficiary. It has been more than 24 hours and I have not received any update from the bank.",Payment/Transfer Issue,NEGATIVE,HIGH,"A mobile banking transfer of ₹25,000 was debited from the customer's account over 24 hours ago without reaching the beneficiary or receiving any bank updates.","Immediately trace the transaction with the payment gateway to either complete the transfer or execute an automatic reversal back to the customer's account. Send an urgent status update via SMS or email to the customer, and ensure automated alerts are configured for delayed transfers to improve transparency.",Unknown,Unknown,Unknown,Unknown
2026-09-12 19:06:42,"I transferred ₹25,000 through mobile banking, and the amount was debited from my account, but the money has not reached the beneficiary. It has been more than 24 hours and I have not received any update from the bank.",Payment/Transfer Issue,NEGATIVE,HIGH,"A mobile banking transfer of ₹25,000 was debited from the customer's account but failed to reach the beneficiary, remaining unresolved for over 24 hours without bank communication.","Immediately trace the transaction status with the payment gateway/interbank network to either force the credit to the beneficiary or auto-reverse the funds to the customer's account. Proactively contact the customer with the resolution status and reference number, and ensure automated alerts are configured to inform users during transaction processing delays.",Unknown,Unknown,Unknown,Unknown
2026-09-12 19:08:59,"The mobile banking app keeps freezing every time I try to check my balance. I've had to restart my phone three times today.
",Technical Issue,NEGATIVE,HIGH,The mobile banking app repeatedly freezes and forces the customer to restart their phone whenever they attempt to check their account balance.,"Direct the technical support team to reach out to the customer with immediate troubleshooting steps, such as clearing app cache or reinstalling the application. Concurrently, escalate the bug to the mobile app development team to analyze crash logs and release a fix for app stability.",Unknown,Unknown,Unknown,Unknown
2026-09-12 20:08:30,"The app logged me out mid-transfer and now I can't tell if the money actually went through or not.
",Technical Issue,NEGATIVE,HIGH,"The customer was unexpectedly logged out of the application mid-transaction, leaving the status of their money transfer uncertain.",Immediately contact the customer to verify the transfer's status and confirm their current account balance. Have the engineering team investigate app session timeouts to prevent mid-transaction logouts and ensure users receive transaction status notifications upon logging back in.,Unknown,Unknown,Unknown,Unknown
2026-09-12 20:08:59,"The app logged me out mid-transfer and now I can't tell if the money actually went through or not.
",Technical Issue,NEGATIVE,HIGH,"The user was unexpectedly logged out of the app during a financial transfer, leaving the transaction status unknown.",Have customer support immediately contact the user to confirm whether the transfer went through and clarify their current account balance. Escalate the unexpected logout issue to the mobile engineering team to ensure active transactions prevent session timeouts or safely recover state.,Unknown,Unknown,Unknown,Unknown
2026-09-12 20:09:22,"Why does my statement show two annual fees for the same credit card in the same year? This looks like a billing error.
",Billing/Charges,NEGATIVE,HIGH,The customer was incorrectly charged a duplicate annual fee on the same credit card within a single year.,"Investigate the customer's account history to verify the duplicate charge and immediately issue a refund for the extra annual fee. Contact the customer to confirm the credit, apologize for the error, and ensure their statement is updated.",Unknown,Unknown,Unknown,Unknown
2026-09-12 20:09:52,"Why does my statement show two annual fees for the same credit card in the same year? This looks like a billing error.
",Billing/Charges,NEGATIVE,MEDIUM,The customer was incorrectly charged two annual fees on their credit card statement within the same year.,Investigate the customer's statement to confirm the duplicate charge and immediately process a refund or credit for the erroneous fee. Send a follow-up communication to apologize for the oversight and check internal billing systems to ensure this error is not affecting other accounts.,Unknown,Unknown,Unknown,Unknown
2026-09-12 20:10:08,"I called customer service three times this week about a simple address change and each agent gave me different instructions.
",Customer Service,NEGATIVE,MEDIUM,The customer received conflicting instructions from three different customer service agents while attempting to process a simple address change.,"Contact the customer immediately to apologize and assist them in correctly completing the address change. Additionally, review internal training materials and SOPs regarding address updates to ensure all support agents provide consistent and accurate information.",Unknown,Unknown,Unknown,Unknown
2026-09-12 20:10:24,"I called customer service three times this week about a simple address change and each agent gave me different instructions.
",Customer Service,NEGATIVE,MEDIUM,The customer received conflicting instructions from multiple customer service representatives while trying to complete a routine address change.,"Reach out to the customer immediately to resolve the address change request accurately. Additionally, review call records to identify knowledge gaps and update internal agent guidelines to ensure consistent instructions are provided in the future.",Unknown,Unknown,Unknown,Unknown
2026-09-12 20:11:11,The chat support agent was rude and hung up on me before my issue was even resolved.,Customer Service,NEGATIVE,HIGH,A chat support representative exhibited rude behavior and disconnected the conversation before resolving the customer's problem.,Review the chat transcript to evaluate agent performance and apply necessary retraining or disciplinary measures. Contact the customer directly to apologize for the poor service experience and assign a senior representative to immediately address their unresolved issue.,Unknown,Unknown,Unknown,Unknown
2026-09-12 20:11:22,The chat support agent was rude and hung up on me before my issue was even resolved.,Customer Service,NEGATIVE,MEDIUM,A chat support agent exhibited rude behavior and prematurely disconnected the session before the customer's issue was resolved.,Review the chat logs to audit agent conduct and initiate appropriate performance management or coaching. Reach out directly to the customer to apologize for the experience and immediately assist them in resolving their original issue.,Unknown,Unknown,Unknown,Unknown
2026-09-12 20:19:52,11	Someone changed my account password and I never received any verification email or text for it.,Security/Fraud,NEGATIVE,CRITICAL,Account password was altered without user authorization or multi-factor notification.,Immediately freeze the account to prevent unauthorized activity and initiate security verification with the customer. Audit authentication logs to resolve missed verification notifications.,Unknown,Unknown,Unknown,Unknown
2026-09-12 20:19:52,12	I noticed a small unfamiliar transaction on my account for $1.99 that I definitely did not authorize.,Security/Fraud,NEGATIVE,HIGH,"An unauthorized small transaction posted to the customer's account, signaling potential card compromise.",Block the compromised payment card immediately and issue a replacement card to the customer. Issue a temporary credit for $1.99 while initiating a fraud chargeback investigation.,Unknown,Unknown,Unknown,Unknown
2026-09-12 20:19:52,13	My international wire transfer has been 'processing' for six days now and no one can tell me where the money is.,Payment/Transfer Issue,NEGATIVE,HIGH,An international wire transfer remains pending for six days without status updates.,Trace the wire transfer via intermediary banking networks to pinpoint the current delay location. Contact the customer directly with a status update and expected resolution timeline.,Unknown,Unknown,Unknown,Unknown
2026-09-12 20:19:52,"14	I scheduled a bill payment five days ago and it still shows as pending, and now I'm worried about a late fee.",Payment/Transfer Issue,NEGATIVE,MEDIUM,A scheduled bill payment remains in pending status five days after the execution date.,Expedite processing of the pending transaction to complete the payment to the billing entity. Agree to reimburse any documented late fees incurred by the customer due to the processing delay.,Unknown,Unknown,Unknown,Unknown
2026-09-12 20:19:52,15	My salary credit is delayed by two days this month with no communication from the bank about why.,Payment/Transfer Issue,NEGATIVE,HIGH,Expected monthly salary deposit is delayed by two days without advance notice or explanation.,Check automated clearing house incoming settlement files for employer payroll batches. Communicate proactively with affected account holders regarding expected settlement timing.,Unknown,Unknown,Unknown,Unknown
2026-09-12 20:19:52,16	I submitted my KYC documents two weeks ago and my account is still marked as unverified with no update.,Process/Verification,NEGATIVE,MEDIUM,KYC document processing is pending review after two weeks without status updates.,Escalate the pending document queue to compliance operations for immediate manual review. Send an automated confirmation email to the customer once account verification is finalized.,Unknown,Unknown,Unknown,Unknown
2026-09-12 20:19:52,17	The loan approval process asked me to resubmit the same documents four separate times.,Process/Verification,NEGATIVE,MEDIUM,Repeated requests to re-submit identical documentation during loan evaluation.,Assign a dedicated loan coordinator to manually inspect existing document uploads. Fix document portal mapping bugs to prevent unnecessary duplicate submission prompts.,Unknown,Unknown,Unknown,Unknown
2026-09-12 20:19:52,18	My account verification failed even though I uploaded a clear photo of my ID exactly as instructed.,Process/Verification,NEGATIVE,MEDIUM,Automated identity verification rejected clear government ID photo submission.,"Perform a manual document verification check on the uploaded ID image. Notify the customer upon approval or specify clear, actionable instructions if re-upload is required.",Unknown,Unknown,Unknown,Unknown
2026-09-12 20:19:52,"19	I still haven't received my new debit card after six weeks, even though I was told it would arrive in 7-10 business days.",Delivery/Timeline,NEGATIVE,HIGH,Debit card delivery is six weeks overdue past the standard promised delivery window.,"Confirm customer delivery address details, cancel the lost card, and re-issue a replacement via expedited courier service. Provide real-time tracking information to the customer directly.",Unknown,Unknown,Unknown,Unknown
2026-09-12 20:19:52,20	My physical passbook update request has been pending for over a month with no delivery update.,Delivery/Timeline,NEGATIVE,LOW,Passbook update delivery request has been unfulfilled for over thirty days.,Track shipment status with fulfillment providers and dispatch a new passbook immediately if lost. Send SMS delivery updates to keep the customer informed of arrival timelines.,Unknown,Unknown,Unknown,Unknown
2026-09-12 20:19:52,21	The welcome kit for my new savings account never arrived despite the branch confirming it was shipped.,Delivery/Timeline,NEGATIVE,MEDIUM,New account welcome package was not delivered despite dispatch confirmation from branch.,Re-issue the welcome kit package and dispatch via registered mail to the verified address. Review logistics integration between branch dispatch reporting and postal tracking.,Unknown,Unknown,Unknown,Unknown
2026-09-12 20:19:52,22	I can't find the terms and conditions for the overdraft facility anywhere on the website or in my documents.,Documentation,NEGATIVE,MEDIUM,Customer cannot locate official terms and conditions documentation for their overdraft facility.,Email the complete overdraft terms and conditions document directly to the customer. Update web site documentation structure to ensure terms are easily accessible to logged-in users.,Unknown,Unknown,Unknown,Unknown
2026-09-12 20:19:52,23	The loan agreement PDF you emailed me is corrupted and won't open on any device I've tried.,Documentation,NEGATIVE,MEDIUM,Emailed loan agreement PDF file is corrupted and unreadable.,"Generate a fresh, uncorrupted PDF copy of the agreement and re-send via secure email. Inform the IT technical team to check automated document generation servers for file rendering errors.",Unknown,Unknown,Unknown,Unknown
2026-09-12 20:19:52,24	My interest certificate for tax filing has incorrect figures compared to my actual account statement.,Documentation,NEGATIVE,HIGH,Tax interest certificate details do not match actual account statement balances.,Audit account interest records and issue an amended tax certificate immediately. Ensure corrected tax documents are updated in the customer's online document portal.,Unknown,Unknown,Unknown,Unknown
2026-09-12 20:19:52,"25	The advertised 0% interest offer on my credit card apparently only applies for the first month, which was never made clear.",Pricing,NEGATIVE,HIGH,Promotional 0% interest credit card terms were unclear regarding duration limits.,Review original promotional disclosure material sent to the customer and adjust improper interest charges if marketing copy was ambiguous. Clarify offer duration disclaimers in marketing materials.,Unknown,Unknown,Unknown,Unknown
2026-09-12 20:19:52,26	Your locker rental pricing increased by 40% overnight without any prior notice to existing customers.,Pricing,NEGATIVE,HIGH,Locker rental rates increased by 40% without prior advance notice to existing users.,Honor previous rate pricing for the current term and issue proper written notice for upcoming rate adjustments. Review customer notification procedures before applying fee modifications.,Unknown,Unknown,Unknown,Unknown
2026-09-12 20:19:52,"27	I was quoted one processing fee on the phone and charged a completely different, higher amount at signing.",Pricing,NEGATIVE,HIGH,Actual loan processing fee charged was higher than verbal phone estimate.,Review representative call recordings to verify original fee statements given to the customer. Refund the price differential to match the original quote and coach representative on disclosures.,Unknown,Unknown,Unknown,Unknown
2026-09-12 20:19:52,28	I'm locked out of my online banking account after one failed login attempt and the reset link never arrives in my email.,Account Access,NEGATIVE,HIGH,Account lockout after one login attempt combined with undelivered reset link emails.,Verify customer identity manually to perform immediate online account unlock and password reset. Investigate email delivery systems to correct password reset dispatch failures.,Unknown,Unknown,Unknown,Unknown
2026-09-12 20:19:52,29	I can't access my joint account online anymore after my co-holder updated their phone number.,Account Access,NEGATIVE,MEDIUM,Joint account online access lost following contact detail update by primary holder.,Re-link online access profiles for all authorized joint account holders. Audit account management settings to ensure profile changes by one holder do not revoke co-holder portal access.,Unknown,Unknown,Unknown,Unknown
2026-09-12 20:19:52,"30	Thank you for resolving my card replacement so quickly this time, the new process was smooth and the agent was very helpful.",Customer Service,POSITIVE,LOW,Customer expressed gratitude for fast resolution and supportive agent service during card replacement.,Record positive customer feedback in the service agent's performance record. Maintain standard operational procedures that enabled this efficient service resolution.,Unknown,Unknown,Unknown,Unknown
2026-09-27 23:58:53,"I made a UPI payment yesterday, but the money was deducted from my account and the recipient has still not received it. I am worried because the amount is significant and I need it resolved immediately",Payment/Transfer Issue,NEGATIVE,HIGH,A UPI transaction resulted in funds being deducted from the sender's account without being credited to the recipient.,Trace the transaction reference number with the banking partner to verify if the payment is pending or failed. Promptly update the customer on the transaction status and initiate an expedited auto-reversal or resolution within the mandated banking timeline.,Unknown,Unknown,Unknown,Unknown
2026-09-28 00:00:59,My debit card was charged twice for the same purchase. I only made one transaction and would like the duplicate charge refunded.,Billing/Charges,NEGATIVE,HIGH,The customer was charged twice for a single transaction on their debit card and is requesting a refund for the duplicate amount.,Verify the duplicate transaction details in the system and immediately issue a refund for the erroneous charge. Send a notification to the customer confirming the credit and monitor the payment gateway to ensure similar processing glitches are identified and mitigated.,Unknown,Unknown,Unknown,Unknown
2026-09-28 00:02:00,My UPI payment failed but the money was deducted from my account.,Payment/Transfer Issue,NEGATIVE,HIGH,"A UPI payment failed during processing, but the transaction amount was debited from the customer's bank account.",Initiate an immediate reconciliation request with the partner bank and NPCI to track the status of the stuck funds. Automatically credit the debited amount back to the customer's account if the transaction is confirmed failed. Send a clear notification to the customer detailing the reversal timeline and transaction reference ID.,Unknown,Unknown,Unknown,Unknown
2026-09-28 00:02:00,I was charged a service fee that I was never informed about.,Billing/Charges,NEGATIVE,MEDIUM,The customer was assessed a service fee without receiving prior disclosure or notice.,Review the customer's account log to verify whether mandatory fee schedule communications were delivered prior to charging. Process a goodwill fee refund if disclosure evidence is missing or inadequate. Update customer notification workflows to ensure full transparency regarding future service charges.,Unknown,Unknown,Unknown,Unknown
2026-09-28 00:02:00,Someone made a transaction using my card without my permission.,Security/Fraud,NEGATIVE,CRITICAL,An unauthorized transaction occurred on the customer's card without their knowledge or consent.,Immediately block the compromised card and dispatch a replacement to prevent further unauthorized usage. File a formal chargeback dispute with the merchant network to recover the fraudulent funds. Communicate zero-liability protection details to the customer along with clear steps for account recovery.,Unknown,Unknown,Unknown,Unknown
2026-09-28 01:23:16,"I am submitting this complaint regarding Citibanks contradictory investigation, repeated restriction and closure of my accounts, and its continued refusal to provide access to approximately {$34000.00} that Citi is holding in my personal deposit and brokerage accounts. This matter arose from a check issued to me from a home-equity line of credit serviced by XXXX XXXX XXXX XXXX I am a borrower and obligor on that HELOC. The check was issued directly to me and made payable in my name. The check was deposited into my XXXX account. XXXX later restricted and closed my accounts after allegations were apparently made by the other borrower on the HELOC. Although I provided XXXX with loan documents and evidence showing that I was a borrower and that the check had been issued to me, XXXX continued restricting my accounts and ultimately terminated its relationship with me. On or around XXXX XXXX XXXX XXXX transferred approximately {$25000.00} of my funds into my personal Citibank account. Those funds remain in my Citi personal account. I also have approximately {$9000.00} in a Citi brokerage account. Therefore, Citi is currently holding approximately {$34000.00} belonging to me. Before XXXX transferred the {$25000.00}, checks that I had written from my Citi business account were returned on or around XXXX XXXX XXXX. Citi began restricting and closing my accounts because the HELOC check had been returned unpaid. However, the check was not counterfeit, forged, stolen, or issued without authorization. I participated in an approximately three-hour telephone call with a Citi fraud department supervisor . During that call, Citi conducted a three-way conversation with XXXXXXXX XXXX XXXX. XXXX directly confirmed to Citi that : * The HELOC check was legitimate; * The check had been authorized and issued to me; * I was a borrower or obligor associated with the HELOC; * The check was not fraudulent or counterfeit ; and * The check was returned only because the other borrower called and froze the credit line during the time the check was being presented for payment. After receiving this confirmation from XXXX, the Citi fraud supervisor told me that he would send my accounts back for further review and reconsideration. Several weeks later, I received written correspondence from Citi indicating that my accounts were being reopened. However, when I attempted to create a username and regain access to Citis online banking system, I discovered that the accounts had been blocked again. When I contacted Citi, I was told that I would not receive online access or access to my funds until I brought my business account current. I repeatedly explained that Citi was already holding approximately {$25000.00} in my personal account and approximately {$9000.00} in my brokerage account. I requested that Citi permit me to transfer enough of those funds into my business account to satisfy or substantially reduce the negative balance. Citi refused. Citi has therefore created an impossible and coercive situation. It is holding approximately {$34000.00} of my money, preventing me from accessing or transferring that money, and simultaneously demanding that I obtain additional outside funds before it will restore access to the funds it already holds. The {$25000.00} transferred by XXXX is not being disputed as belonging to Citi. It was transferred from my XXXX account into my Citi personal account. It remains in my name and under Citis control. Nevertheless, Citi will not allow me to transfer those funds from my personal account into my business account to address the negative balance. Citi has also refused my requests to internally apply or transfer the funds itself. As a result, Citi has prevented me from using my own money to resolve the very account deficiency that Citi says is preventing access. In an effort to comply with Citis demands, I sold or pawned substantially all of my valuable personal property. I also took out an emergency loan carrying approximately XXXX percent interest compounded daily. Through these extraordinary measures, I obtained approximately {$19000.00} to provide to Citi in an attempt to bring the business account current and regain access to my accounts. Even after I obtained those funds, Citi continued refusing to allow the remaining balance to be addressed through a transfer from the approximately {$34000.00} Citi already held. I have now exhausted my available resources. I have no additional funds to provide Citi. Meanwhile, Citi continues to retain my personal and brokerage funds and refuses to permit a reasonable internal transfer. This situation has continued for nearly a month and a half. Citis actions are especially concerning because : 1. Citi directly verified with XXXX that the HELOC check was legitimate and authorized. 2. Citi was informed that the check was returned only because the other borrower froze the credit line after the check had been issued. 3. A Citi fraud supervisor advised me that the matter would be reconsidered. 4. Citi subsequently sent written correspondence stating that my accounts were being reopened. 5. Citi then blocked the accounts again without giving me a clear explanation. 6. Citi is holding approximately {$34000.00} in my personal and brokerage accounts. 7. Citi refuses to allow me to transfer those funds to my business account. 8. Citi refuses to perform the transfer itself. 9. Citi nevertheless demands additional outside funds as a condition of restoring access. 10. Citis refusal has forced me to sell valuables and incur an extraordinarily expensive emergency loan. Citi has not provided a meaningful written explanation identifying : * Why it reversed its written decision to reopen the accounts; * What new information caused the accounts to be blocked again ; * Whether Citi still claims the HELOC check was fraudulent; * Why Shellpoints direct confirmation was insufficient; * The exact amount required to bring the business account current ; * Why funds in my Citi personal and brokerage accounts can not be transferred or applied; * What legal or contractual restriction prevents an internal transfer; * What steps I must complete to obtain access to the remaining funds ; or * When Citi intends to release my undisputed money. I recognize that a bank may investigate returned checks and may decide whether to continue a customer relationship. However, Citi should not be permitted to retain approximately {$34000.00} belonging to a customer, block the customer from using those funds, refuse to internally apply the funds toward a claimed negative balance, and then demand outside money as the sole condition for access. Citis conduct appears unfair, contradictory, and abusive. Citi has placed me in a financial trap in which the bank controls more than enough money to substantially resolve the issue but refuses to either release or apply it. The continued restriction has caused severe financial harm, including : * The sale and pawning of valuable personal property; * An emergency loan carrying approximately 10 percent interest compounded daily ; * Additional debt and financing costs ; * Loss of access to approximately {$34000.00} ; * Inability to conduct ordinary personal and business transactions; * Disruption of my business operations; * Difficulty paying rent and basic living expenses; * Loss of access to my Citi brokerage funds; * Damage to my ability to maintain or establish banking relationships ; and * Severe financial and emotional distress. I respectfully request that the CFPB require Citi to take the following actions : 1. Immediately provide access to all undisputed funds in my personal deposit and brokerage accounts. 2. Permit me to transfer sufficient funds from my personal or brokerage accounts into my business account to address any legitimate negative balance. 3. Alternatively, internally apply the necessary amount toward the negative balance and release all remaining funds to me. 4. Provide a complete accounting of every Citi account associated with me, including all deposits, returned checks, debits, holds, offsets, restrictions, transfers, and balances. 5. Identify the exact amount Citi claims is necessary to bring the business account current. 6. Explain why Citi will not allow the negative balance to be resolved using funds already held in my Citi accounts. 7. Identify any legal, regulatory, or contractual prohibition that Citi believes prevents such an internal transfer. 8. Explain why Citi issued written correspondence indicating that the accounts would reopen and then blocked the accounts again. 9. Identify any new evidence Citi received after issuing the reopening correspondence. 10. Confirm the substance of the three-way call in which XXXX verified that the HELOC check was legitimate and authorized. 11. Provide the notes and records associated with the approximately three-hour call involving Citi, XXXX, and me. 12. Explain whether Citi continues to classify the transaction as fraud despite XXXX confirmation. 13. Reimburse the interest, fees, and borrowing costs arising from the emergency loan I was forced to obtain. 14. Reimburse documented losses caused by the forced sale or pawning of my property. 15. Correct or remove any inaccurate information Citi reported to XXXX XXXXXXXX XXXX XXXX, credit-reporting agencies, fraud databases, or other financial institutions. 16. Confirm whether Citi communicated with XXXX, XXXX, the other HELOC borrower, or any other institution concerning my accounts. 17. Provide copies of all closure notices, reopening notices, investigation findings, account notes, fraud referrals, and nonprivileged records relied upon in restricting my accounts. 18. Immediately release any funds exceeding the legitimate amount necessary to resolve the business account balance. I have made repeated good-faith attempts to resolve this matter. I participated in an extensive fraud investigation, arranged direct verification from XXXX, provided substantial outside funds, and repeatedly proposed a reasonable internal transfer. Citi has rejected every reasonable solution while continuing to retain approximately {$34000.00} of my money. I am requesting immediate CFPB intervention because I have exhausted my personal resources and can not continue borrowing or selling property merely to satisfy Citis demand for outside funds while Citi refuses to make available the funds it already holds.",Account Access,NEGATIVE,CRITICAL,"Citibank restricted and blocked access to $34,000 across personal and brokerage accounts following a returned HELOC check, refusing internal transfers to settle a business account deficit despite verifying the check's legitimacy.","Initiate an urgent executive compliance and fraud operations review to re-examine the verified HELOC check details and account restriction status. Authorize an internal fund offset or transfer from personal/brokerage balances to cure the business account balance, and release all remaining funds to the customer. Provide a comprehensive written accounting and evaluate potential reimbursement for customer losses resulting from conflicting account status notifications.",Unknown,Unknown,Unknown,Unknown
2026-09-28 01:23:56,"I opened an account with Etrade with code XXXX to recieved a credit of {$400.00} for transferring {$20000.00} from an External account. Using opening the account I contacted XXXX to ensure the code was applied to the new premium savings account so that I would revieve tge {$400.00} credit. Come to find out the code was not applied successfully and the representative recommended that I open an additional account and apply the code once more. I stated to the rep that I needed to ensure the external transfer of $ XXXX from the first premium savings account open was cancelled to prevent a bounce. The representative said there were no scheduled transfers and that this would not happen, so I proceeded to open the second account woth the code with an External transfer from my checking ending in XXXX. Upon doing this I was told the code successfully applied. I asked once more for Etrade to ensure that {$40000.00} would not transfer twice as the funds were not available to do so, they confirmed this would not happen. This morning I discovered that the XXXX XXXXXXXX transfer did take place from my external checking ending in XXXX to the Etrade account that did not have the promo applied. Additionally, Etrade is still attempting to withdraw an additional XXXX XXXX XXXXrom the checking ending in XXXX, even though I have told them multiple times that the funds do not exist to cover both transactions. I have spent over 4 hours on the phone with them in an attempt to prevent this and was told this very issue would not happen. Now here we are and it has happened. I am filing an informal complaint and am seeking legal recourse since the checking account did not have the necessary funds to cover two separate XXXX XXXXXXXX transfers and due to etrade providing information that was invalid ( assuring me that this very issue would not happen ). I have called them for the XXXX time this morning and they are now all pf a sudden stating that there is nothing they can do on their end. Additionally, I transferred the money from XXXX XXXXXXXX account ending XXXX to a separate account within XXXX XXXX but somehow they were able to take that money from an account I never gave them permission to withdraw from. I am considering this potential fraud and will act accordingly.",Payment/Transfer Issue,NEGATIVE,CRITICAL,"E*TRADE executed duplicate $20,000 transfers and pulled funds without explicit authorization after customer service falsely assured the client that the original transfer was canceled.","Immediately escalate the case to the executive resolution and legal compliance team to halt pending transfers, reverse unauthorized withdrawals, and waive any resulting overdraft or bank fees. Additionally, audit call recordings to remediate customer service misstatements and manually apply the $400 promotional credit to the customer's account.",Unknown,Unknown,Unknown,Unknown
2026-09-28 01:24:38,"I opened an account with Etrade with code XXXX to recieved a credit of {$400.00} for transferring {$20000.00} from an External account. Using opening the account I contacted XXXX to ensure the code was applied to the new premium savings account so that I would revieve tge {$400.00} credit. Come to find out the code was not applied successfully and the representative recommended that I open an additional account and apply the code once more. I stated to the rep that I needed to ensure the external transfer of $ XXXX from the first premium savings account open was cancelled to prevent a bounce. The representative said there were no scheduled transfers and that this would not happen, so I proceeded to open the second account woth the code with an External transfer from my checking ending in XXXX. Upon doing this I was told the code successfully applied. I asked once more for Etrade to ensure that {$40000.00} would not transfer twice as the funds were not available to do so, they confirmed this would not happen. This morning I discovered that the XXXX XXXXXXXX transfer did take place from my external checking ending in XXXX to the Etrade account that did not have the promo applied. Additionally, Etrade is still attempting to withdraw an additional XXXX XXXX XXXXrom the checking ending in XXXX, even though I have told them multiple times that the funds do not exist to cover both transactions. I have spent over 4 hours on the phone with them in an attempt to prevent this and was told this very issue would not happen. Now here we are and it has happened. I am filing an informal complaint and am seeking legal recourse since the checking account did not have the necessary funds to cover two separate XXXX XXXXXXXX transfers and due to etrade providing information that was invalid ( assuring me that this very issue would not happen ). I have called them for the XXXX time this morning and they are now all pf a sudden stating that there is nothing they can do on their end. Additionally, I transferred the money from XXXX XXXXXXXX account ending XXXX to a separate account within XXXX XXXX but somehow they were able to take that money from an account I never gave them permission to withdraw from. I am considering this potential fraud and will act accordingly.",Payment/Transfer Issue,NEGATIVE,CRITICAL,"E*TRADE executed a duplicate $20,000 external transfer and withdrew funds from an unauthorized account despite customer warnings and explicit assurances from representatives that the initial transfer was canceled.","Immediately cancel all pending transfer requests, reverse any duplicate charges, and cover any overdraft or bank fees incurred by the customer. Manually apply the $400 promotional credit to the account and assign a senior resolution specialist to investigate the representative misinformation and unauthorized account access to avoid legal escalation.",Unknown,Unknown,Unknown,Unknown
2026-09-28 01:25:05,"XX/XX/scrub>XXXX XXXX XXXX I purchased an exercise equipment from apex company, on XXXX XXXX XXXX it was delivered to an address in XXXX XXXX XXXX I contacted them by email they never responded. I filed a claim with Bank of America on XXXX XXXX XXXX Im being told that the company has 45 days to respond and they will not give a temporary credit because it do qualify for a credit. I gave the bank the tracking information showing that the order was delivered to the wrong address.",Billing/Charges,NEGATIVE,HIGH,"The customer is frustrated that the bank denied temporary credit and enforced a 45-day merchant response period for a dispute, despite being provided tracking documentation showing the order was delivered to the wrong address.","Re-evaluate the dispute file and review the tracking documentation submitted by the customer. If the proof confirms delivery to an incorrect address, issue a provisional credit while the standard 45-day merchant response window completes. Contact the customer directly to clarify the dispute process and update them on the status of their credit.",Unknown,Unknown,Unknown,Unknown
2026-09-28 01:25:57,XXXX I canceled my XXXX account but on XX/XX/year> I was charged {$38.00}. I then contacted Cashapp to get my money back they refused!,Billing/Charges,NEGATIVE,HIGH,The customer was incorrectly charged $38.00 after canceling their account and was refused a refund by customer support.,"Review the customer's account history to confirm the cancellation timestamp and process an immediate refund for the $38.00 charge. Additionally, retrain the customer support team on handling post-cancellation fee disputes to prevent improper refund denials.",Unknown,Unknown,Unknown,Unknown
2026-09-28 01:26:14,"I am requesting assistance regarding a refund dispute with XXXX involving an XXXX bicycle purchase that has been unresolved since XX/XX/year>. I purchased a XXXXXXXX XXXX bicycle on XX/XX/year>. The bicycle was delivered on approximately XX/XX/year> and was intended as a gift. The bicycle was not given to the recipient until XX/XX/year>. Shortly after it was received and used, a problem was discovered with the tire, making the bicycle unusable. I immediately contacted XXXX regarding the issue and attempted to resolve the problem directly with the seller. Since XX/XX/year>, I have spent significant time communicating with XXXX regarding the defective product, return process, shipping issues, and refund request. Throughout this process, XXXX repeatedly delayed resolution while investigating the issue and requesting additional information. I cooperated with their requests and provided the information they needed in an effort to resolve the matter fairly. XXXX eventually agreed in writing on XX/XX/year> that they would process my refund. Based on this written confirmation, I believed the matter had been resolved and that the refund process had begun. However, after previously confirming that a refund would be issued, XXXX changed their position and stated that additional steps or requirements needed to be completed before they would proceed with the refund. This contradicts their previous written commitment to process the refund. The seller can not reasonably agree to issue a refund and then later withdraw that agreement or add new conditions after the fact. I relied on their written confirmation that the refund would be processed and have continued cooperating throughout this entire process. The seller has had multiple opportunities since XX/XX/year> to resolve this issue, but the matter remains unresolved due to delays and changing explanations from XXXX. I have made every reasonable effort to work directly with the seller before requesting assistance. I am requesting that PayPal review the complete communication history and enforce the refund commitment that XXXX made in writing. I am seeking a full refund because the product had an issue shortly after delivery, the return/refund process has been prolonged for months, and the seller has now failed to honor their own written agreement to issue the refund.",Billing/Charges,NEGATIVE,HIGH,The customer is requesting a full refund enforcement after the merchant reneged on a written agreement to issue a refund for a defective bicycle.,Review the customer's uploaded communication history to verify the merchant's written commitment to issue a refund. Initiate a dispute claim override under buyer protection policies to process the full refund to the customer. Contact the customer to confirm the resolution and provide a final timeline for the credited funds.,Unknown,Unknown,Unknown,Unknown
2026-09-28 01:26:51,"I am requesting assistance regarding a refund dispute with XXXX involving an XXXX bicycle purchase that has been unresolved since XX/XX/year>. I purchased a XXXXXXXX XXXX bicycle on XX/XX/year>. The bicycle was delivered on approximately XX/XX/year> and was intended as a gift. The bicycle was not given to the recipient until XX/XX/year>. Shortly after it was received and used, a problem was discovered with the tire, making the bicycle unusable. I immediately contacted XXXX regarding the issue and attempted to resolve the problem directly with the seller. Since XX/XX/year>, I have spent significant time communicating with XXXX regarding the defective product, return process, shipping issues, and refund request. Throughout this process, XXXX repeatedly delayed resolution while investigating the issue and requesting additional information. I cooperated with their requests and provided the information they needed in an effort to resolve the matter fairly. XXXX eventually agreed in writing on XX/XX/year> that they would process my refund. Based on this written confirmation, I believed the matter had been resolved and that the refund process had begun. However, after previously confirming that a refund would be issued, XXXX changed their position and stated that additional steps or requirements needed to be completed before they would proceed with the refund. This contradicts their previous written commitment to process the refund. The seller can not reasonably agree to issue a refund and then later withdraw that agreement or add new conditions after the fact. I relied on their written confirmation that the refund would be processed and have continued cooperating throughout this entire process. The seller has had multiple opportunities since XX/XX/year> to resolve this issue, but the matter remains unresolved due to delays and changing explanations from XXXX. I have made every reasonable effort to work directly with the seller before requesting assistance. I am requesting that PayPal review the complete communication history and enforce the refund commitment that XXXX made in writing. I am seeking a full refund because the product had an issue shortly after delivery, the return/refund process has been prolonged for months, and the seller has now failed to honor their own written agreement to issue the refund.",Billing/Charges,NEGATIVE,HIGH,The customer is requesting platform intervention to enforce a full refund after a merchant reneged on a written agreement to resolve a dispute over a defective bicycle.,Review the customer's documented communication history and written confirmation of the refund agreement from the merchant. Issue the full refund under buyer protection policies and follow up with the merchant to recover the disputed funds.,Unknown,Unknown,Unknown,Unknown
2026-09-28 01:27:01,"I am filing a complaint against Chase because my account was restricted and/or closed while my money remained inaccessible, even after I verified my identity in person at a Chase branch XXXX Chase has not provided a clear explanation for why this action was taken, why I did not receive adequate notice, or when my funds will be fully released. I have had ongoing problems with this account since it was opened. Most recently, I went to a Chase branch in person on XX/XX/year> and presented identification to verify my identity. Even after that in-person verification, I still could not access my funds. This has caused serious hardship because I need access to my money for basic expenses and day-to-day living. I believe Chases handling of this matter is unfair and unreasonable. If the bank had concerns about my identity or account activity, those concerns should have been clearly explained and addressed when I appeared in person and verified who I am. Instead, I was left without access to my money and without a meaningful explanation.",Account Access,NEGATIVE,CRITICAL,The customer is unable to access their funds due to an ongoing account restriction that remains unresolved despite completing in-person identity verification at a branch.,Initiate an immediate priority review with the back-office risk and operations teams to verify the account status and clear the restriction or issue a closing check. Directly contact the customer to provide a clear explanation of the account status and establish an expedited timeline for releasing their funds.,Unknown,Unknown,Unknown,Unknown
2026-09-28 01:28:01,"I received an in app promotional offer that if I upgraded to their new chime card and made a purchase using the new card before XX/XX/XXXX I would receive a XXXX XXXX spot I followed the requirement 's XX/XX/XXXX at XXXX XX/XX/XXXX I received an email stating nice work and that I had acquired the XXXXXXXX XXXX bonus when i clicked the link to check it out it shows no bonus in app, so I then called and for the past 2 weeks I have recorded conversations and took screenshots to support this bonus but I keep getting the run around and lied to and told to wait, it seems sketchy per reading others comments this isnt only happening to me I believe they rolled a bad promotion out and are now not trying to not trying to honor the promotion they keep trying to add requirements through word of mouth knowing an applicant has met all required requirements",Billing/Charges,NEGATIVE,MEDIUM,"The customer met all requirements for an in-app promotional bonus, but Chime failed to credit the promised funds and provided unhelpful support.","Audit the customer's promotional campaign eligibility records and manually issue the promised bonus credit. Review customer support interaction logs to retrain representatives and ensure clear, accurate communication regarding promotional terms.",Unknown,Unknown,Unknown,Unknown
2026-09-28 01:28:01,"Several months ago I received an unsolicited Wells Fargo debit card in the mail bearing my full name at my home address. When I attempted to activate it, the Wells Fargo app said there was nothing to activate. I noticed the card said 'Customer Since XXXX ' I have been a Wells Fargo customer for approximately XXXX years. I called Wells Fargo and was told the card was sent in error. I hand-delivered the card to a branch the next day. Following that, I received multiple letters at my home notifying me that XXXX access had been terminated on accounts I never opened, followed by a letter dated XX/XX/year> closing XXXX accounts ( citing unauthorized money transfers ) that I never opened. Wells Fargo 's own XXXX team identified and closed these accounts. Despite this, Wells Fargo continues to deliver mail to my home address belonging to another customer who shares my name. I have written XXXX formal letters and engaged in secure email correspondence resulting in XXXX separate case numbers : XXXX, XXXX, and XXXX. All XXXX cases were closed without corrective action. My request is simple : correct the mailing address on the other customer 's account in Wells Fargo 's own internal system so his mail stops coming to my address. Wells Fargo 's most recent response misread this as a request to disclose the other customer 's address to me, which is not what I asked. This situation has caused me months of XXXX XXXX, and XXXX XXXX. I am concerned that Wells Fargo correspondence arriving at my address in another person 's name can be used as fraudulent proof of identity at other financial institutions where I hold legitimate accounts. Wells Fargo has acknowledged the problem in writing but has taken no corrective action.",Security/Fraud,NEGATIVE,HIGH,Wells Fargo continues sending mail for another customer and notices regarding unauthorized accounts to the complainant's address despite repeated complaints.,Immediately correct the mailing address association for the secondary customer in internal databases to stop misdirected correspondence. Conduct a full fraud compliance review to ensure no unauthorized accounts or profiles remain improperly linked to the complainant's address.,Unknown,Unknown,Unknown,Unknown
2026-09-28 01:28:01,"I opened bank account on XXXX with XXXX XXXX, Chime. I received a XXXX XXXX for my business in the amount of {$79000.00} on XXXX, XXXX XXXX, Chime placed hold on my account immediately NEVER released my XXXX funds and closed my account on XXXX. I was told my funds was sent back to SBA. I was recently contacted by SBA about that loan stating it was in default. XXXX Chime Bank never returned funds back to SBA .. Now I have defaulted loan with SBA and owe over {$91.00} for interest and penalties. I have contacted XXXX Chime support several times. Was told funds were returned .. SBA contacted me XXXX stating funds had NOT been returned",Payment/Transfer Issue,NEGATIVE,CRITICAL,"Chime froze and closed an account containing $79,000 in SBA loan funds but failed to return the funds to the SBA, placing the loan in default.","Escalate the matter immediately to executive compliance and accounting to trace the $79,000 held funds. Coordinate directly with the SBA to reconcile the balance and cover accrued penalties or interest caused by the processing failure.",Unknown,Unknown,Unknown,Unknown
2026-09-28 01:28:01,"Upon closing a CD with Synchrony I was told it would take 4 business days to receive my funds. 2 days to process the CD closure and 2 days to transfer the money to an account I have had linked for several years. This is an extremely long time in todays banking world so I assume they are just making money off my money and others by investing float. Process times to open an account and receive monies into a synchrony account are 1 day. So they can receive money in 1 day but the fastest they can disperse it is 4 business days which often will include a weekend so 6 days of use of a customers funds for free. No option is offered on their website to close accounts. You must call. After 15 minutes of jumping through hoops I had to provide a video of my face and a photo of my ID all to send proceeds to an account I have had linked and verified for several years. After speaking with a supervisor, I was then informed that I could have requested a wire because I am a diamond customer. At no time did the original customer service representative mention that. I was told by the supervisor that the wire would require additional steps because they must be very precise. They clearly already have that information from the linked account information and this was just another stall tactic.",Process/Verification,NEGATIVE,MEDIUM,Synchrony imposed multi-day disbursement delays and burdensome identity verification steps to close a CD and transfer funds to a long-linked account.,"Streamline the CD closure workflow by reducing unnecessary re-verification hurdles for verified, existing linked accounts. Retrain customer service agents to proactively offer expedited wire transfer options to qualifying high-tier account holders.",Unknown,Unknown,Unknown,Unknown
2026-09-28 01:28:01,My online profile has been problematic for years tgus company refuse to fix the issue and theyre forcing me to take time out of work and go into a branch multiple time with in a week to correct the actions I have to call their fraud department from tge branch and wait on hold fir an hour plus.,Technical Issue,NEGATIVE,HIGH,Persistent technical defects in the customer's online banking profile repeatedly force in-branch visits and long call-center wait times.,Assign a dedicated IT specialist to repair the corrupted online profile and resolve the underlying software defect. Authorize branch staff to directly contact secondary departments to bypass excessive hold times for affected customers.,Unknown,Unknown,Unknown,Unknown
2026-09-28 01:28:01,"XXXX XXXX XXXX XXXX XXXX XXXX XXXX, MA XXXX Phone : ( XXXX ) XXXX Date : XX/XX/year> Subject : Formal Complaint Regarding Unreasonable Account Restriction, Failure to Provide Information, and Denial of Access to My Funds To Whom It May Concern, I am submitting this formal complaint regarding the handling of my M & T Bank account and the continued restriction that has prevented me from accessing my own funds for nearly three weeks without any meaningful communication or resolution. On XX/XX/year>, I was unable to access my online banking account. I immediately contacted M & T Bank customer service and was instructed to visit a local branch to verify my identity. On XX/XX/year>, I went to the M & T Bank branch located on XXXX XXXX in XXXX, Massachusetts. While at the branch, I successfully made a deposit of {$270.00}, confirming that my identity had been verified well enough to conduct a transaction. I then met with a bank representative who contacted the individual responsible for placing a legal hold on my account. I was informed that my account had been restricted because there had been multiple attempts to compromise my online banking. I answered every question asked regarding my internet usage, mobile phone, and account activity. I explained that I had not provided my banking information to anyone and was unaware of any unauthorized activity. After remaining at the branch for approximately an hour and a half, I was told that an investigation would be conducted and that someone would contact me with an update. Since then, I have repeatedly attempted to obtain information regarding my account. I contacted M & T Bank on XX/XX/XXXX, XX/XX/XXXX, XX/XX/XXXX, XX/XX/XXXX, XX/XX/XXXX, and XX/XX/XXXX. Every time I called, I was told that someone would contact me, but no one ever has. I also spoke with representatives in the Retail Department, including XXXX and XXXX, who refused to transfer me to the Fraud Department or allow me to speak with anyone capable of providing answers. I was repeatedly told only that my issue had been escalated and that I would receive a callback. Despite these assurances, I have received no communication whatsoever. As of today, nearly three weeks have passed. My account remains restricted, I have been unable to access or withdraw my own money, and I have received no explanation regarding the status of the investigation, no estimated timeline for resolution, and no written communication explaining why my funds continue to be withheld. This lack of communication and prolonged restriction has caused significant financial hardship and has prevented me from accessing money that belongs to me. Consumers have important rights under both federal law and Massachusetts law. Financial institutions are expected to investigate suspected fraud promptly, communicate with their customers in a timely manner, and provide reasonable access to deposit accounts once identity has been verified. Massachusetts law also requires banks to act in good faith in their dealings with customers, and unfair or deceptive acts or practices may violate Massachusetts General Laws Chapter XXXX, the Massachusetts Consumer Protection Act. Additionally, federal consumer protection laws require financial institutions to maintain fair procedures when restricting customer accounts and to investigate potential fraud within a reasonable period. At this point, I respectfully demand the following : 1. Immediate written confirmation explaining the legal basis for the restriction on my account. 2. A detailed status update regarding the investigation. 3. A specific timeline for when I will regain access to my funds. 4. Immediate restoration of access to my account if there is no lawful basis for continuing the restriction. 5. A written response addressing why I have repeatedly been denied information despite numerous requests over the past three weeks. If this matter is not resolved promptly, I will continue pursuing complaints with the Consumer Financial Protection Bureau, the Massachusetts Division of Banks, and any other appropriate regulatory agencies. I also reserve all legal rights available to me under state and federal law. I expect a prompt written response and immediate attention to this matter. Sincerely, XXXX XXXX",Account Access,NEGATIVE,HIGH,M&T Bank restricted account access and withheld funds for nearly three weeks without providing explanations or updates following potential security attempts.,Provide immediate written communication to the customer outlining the investigation status and a firm timeline for restoring access. Expedite the fraud investigation to release verified deposit funds and eliminate communication bottlenecks between branch and fraud teams.,Unknown,Unknown,Unknown,Unknown
2026-09-28 01:28:01,"Dear Consumer Financial Protection Bureau, I am writing to request your assistance regarding the Cash App settlement and to determine whether I am eligible for compensation. I believe I suffered financial harm involving my Cash App account and would appreciate your review of my situation. I experienced unauthorized financial losses and made efforts to resolve the matter through the appropriate channels. Despite reporting the issue and seeking assistance, I have not received a satisfactory resolution. If my circumstances qualify under the terms of the Cash App settlement or if there are any additional consumer protections that apply, I respectfully request that my case be reviewed. I ask that the CFPB : * Review my complaint and determine whether my situation falls within the Cash App settlement or any applicable consumer protection laws. * Assist in ensuring that my complaint is forwarded to the appropriate party if necessary. * Provide guidance on any additional documentation or steps required to pursue any compensation for which I may be eligible. I am prepared to provide supporting documentation, including account records, transaction history, communications with Cash App, dispute records, and any other information needed to evaluate my claim. Thank you for your time and attention to this matter. I appreciate the CFPBs commitment to protecting consumers and look forward to your response.",Security/Fraud,NEGATIVE,MEDIUM,The customer is seeking CFPB intervention to determine eligibility for financial restitution under a Cash App legal settlement following unauthorized losses.,Provide the customer with direct instructions and official links for submitting documentation to the independent Cash App settlement administrator. Conduct an internal audit of the customer's past dispute history to verify whether eligible loss records were properly documented.,Unknown,Unknown,Unknown,Unknown
2026-09-28 01:28:01,"I closed by account with Acorns in XXXXXXXX XXXX XXXX Since then, I have received emails every month containing deceptive subject lines. The subject lines of the emails is in violation of the CAN-SPAM act, as it contains a misleading subject line as follows : "" We're investing {$20.00} in your Acorns account ''. The CAN-SPAM act states that an email header can not be misleading, regardless of email body contents. It infers that I still have an open account with them when I do not. They have sent these emails several times a month since I closed my account last year. I have called Acorns repeatedly to request the emails to stop and they continue sending them. I would like Acorn 's deceptive marketing practice investigated as it is a violation of the law. The company is Acorns and their website address is www.acorns.com. They provide an investing platform. I have attached a copy of the most recent email to this report.",Customer Service,NEGATIVE,LOW,Acorns continues sending promotional emails with misleading subject lines to a customer who closed their account over a year ago.,Immediately unsubscribe and purge the customer's contact details from all marketing and promotional distribution lists. Review automated marketing email triggers and subject line compliance to prevent sending account-status marketing to closed account holders.,Unknown,Unknown,Unknown,Unknown
2026-09-28 01:28:01,"Consumer Complaint Narrative Issue : Deceptive Overdraft Practices/ Failure to Resolve Dispute Financial Institution : U.S. Bank Disputed Amount : {$1600.00} {$2000.00} ( Incurred XXXX ) I am filing this complaint because U.S. Bank has failed to resolve a severe, systemic issue regarding unfair fee practices, and branch-level escalation has been unsuccessful. Between XXXX and XXXX, U.S. Bank engaged in deceptive practices by intentionally holding authorized-positive merchant transactions for up to 9 days. This created an artificial "" Authorized Positive, Settled Negative '' ( APSN ) trap, delaying transaction processing to trigger cascading overdraft fees on accounts that had sufficient funds at the time of purchase. These intentional processing delays stripped away my necessary living expenses and caused XXXX financial hardship. Because the bank refused to correct these unlawful fee traps during direct disputes, I am requesting that regulators intervene to compel an executive-level review. Desired Resolution : Full restitution and refund of all $ XXXX in unlawfully assessed overdraft fees, plus applicable interest.",Billing/Charges,NEGATIVE,HIGH,"U.S. Bank utilized delayed transaction posting practices to generate artificial overdraft fees on positive-balance authorizations totaling up to $2,000.",Conduct an executive review of the customer's historical transaction posting logs and issue a full refund for improper APSN overdraft fees. Adjust core transaction settlement processing logic to ensure authorizations posted against sufficient funds do not trigger overdraft penalties.,Unknown,Unknown,Unknown,Unknown
2026-09-28 01:28:01,"On XXXX XXXX XXXX XXXX XXXX XXXX an intended single transfer of {$18000.00} from my Bank of America checking account to my XXXX XXXX XXXX account was duplicated due to what appears to have been an error in the XXXX XXXX application. This resulted in two separate {$18000.00} transfer requests against my checking account. As soon as I became aware of the duplicate transaction, I immediately contacted Bank of America by telephone and explained that one of the transfers was erroneous. I specifically requested that the duplicate withdrawal be stopped or that appropriate action be taken to prevent my account from being overdrawn. Despite my prompt notification and request, no action was taken to stop the duplicate withdrawal or otherwise protect my account from an avoidable overdraft. As a result, my checking account was exposed to unnecessary financial hardship, including the risk of overdraft fees, returned payments, and other financial consequences. I find it deeply concerning that, even after notifying Bank of America before the duplicate transaction was completed, I was told that nothing could be done. Customers reasonably expect their financial institution to take appropriate action when an apparent duplicate or erroneous transaction is reported promptly, particularly when it threatens to overdraw an account.",Payment/Transfer Issue,NEGATIVE,HIGH,"An application glitch caused a duplicate $18,000 transfer, and Bank of America refused to intervene despite prompt notification before completion.","Cancel or reverse the duplicate $18,000 transaction immediately and credit any resulting overdraft charges or fees. Implement idempotency checks within the mobile transfer application to prevent accidental duplicate submission of identical transfer requests.",Unknown,Unknown,Unknown,Unknown
2026-09-28 01:28:01,"This is a new complaint against Fulton Bank, XXXX. referencing prior CFPB complaints XXXX XXXX XXXX, both closed. My XXXX access through Fulton Bank has been blocked since on or about XX/XX/XXXX. In XXXX prior written responses, Fulton Bank confirmed it found no fraud case, investigation, or determination against my account, did not report me XXXX XXXX XXXX XXXX or any consumer reporting agency for fraud, XXXX that the restriction originated within the XXXX network XXXX On XX/XX/XXXX, I filed a CFPB complaint against XXXX XXXX XXXX ( Complaint No. XXXX ). XXXX responded in writing on XX/XX/XXXX XXXX confirmed XXXX critical facts : ( XXXX ) Fulton Bank account XXXX is not reporting in XXXX XXXX database, and ( XXXX ) XXXX initiated a formal dispute with XXXX Bank ( Dispute ID XXXX ) on XX/XX/XXXX identifying XXXX Bank as the institution that reported information causing the network-wide credential suspension. Despite this new evidence identifying the reporting institution, Fulton Bank has taken no escalation steps on my behalf, has not contacted XXXX or XXXX referencing Dispute ID XXXX, XXXX my XXXX access through Fulton Bank remains completely blocked. I sent Fulton Bank a formal letter on XX/XX/XXXX presenting this evidence XXXX requesting immediate escalation. No response has been received. Fulton Bank offers XXXX as an integrated feature of its banking platform and has an obligation XXXX advocate for its customer when a network-level restriction is blocking access XXXX a service it provides. I have now been denied XXXX access for over XXXX months across XXXX financial institutions.",Account Access,NEGATIVE,HIGH,Fulton Bank refuses to escalate or assist in resolving a network-wide Zelle credential suspension linked to disputes between network databases.,Assign a compliance officer to engage directly with Early Warning Services and Zelle referencing the formal dispute ID. Work proactively as the issuing institution to advocate for the customer and clear inaccurate network-level credential restrictions.,Unknown,Unknown,Unknown,Unknown
2026-09-28 01:28:01,"I am filing this complaint against Discover Bank. XXXX XXXX XXXX ( EWS ) confirmed in writing on XX/XX/XXXX ( CFPB Complaint No. XXXX ) that Discover Bank XXXX XXXX financial institution that reported information XXXX XXXX causing the suspension of my XXXX enrollment credentials network-wide. XXXX stated : "" A dispute was initiated with Discover ( Dispute ID XXXX ) on XX/XX/XXXX. '' XXXX also confirmed that XXXX Bank XXXX is not reporting in XXXX XXXX database, ruling out XXXX Bank as the source. Since on or about XX/XX/XXXX, my XXXX enrollment credentials have been suspended within the XXXX XXXX as a direct result of information Discover Bank reported XXXX XXXX This has denied me access XXXX XXXX through every participating financial institution where I hold an active account, including XXXX Bank, XXXX. XXXX Discover Bank itself, for over XXXX months. Discover Bank never notified me that it was reporting information XXXX XXXX. I was never informed of any specific transaction, date, amount, or activity considered fraudulent or discrepant. I was never given an opportunity XXXX dispute before the report was made. I received no adverse action notice. I only learned Discover Bank was the reporting institution through XXXX XXXX written response on XX/XX/XXXX over XXXX months after the restriction was applied. XXXX separate XXXX Bank written responses ( XX/XX/XXXX and XX/XX/XXXX ) confirmed XXXX Bank found no fraud case, investigation, or determination against my account XXXX did not report me XXXX XXXX. The source is Discover Bank, confirmed by XXXX XXXX own dispute initiation. As a furnisher of information under FCRA XXXX, Discover Bank XXXX XXXX XXXX investigate XXXX Dispute ID XXXX, correct or delete any inaccurate or unverifiable information, XXXX notify XXXX of the correction. Discover Bank has also violated FCRA XXXX by failing XXXX provide an adverse action notice, XXXX the Maryland Consumer Protection Act by causing denial of consumer banking services without notice or process.",Documentation,NEGATIVE,HIGH,"Discover Bank submitted derogatory information to Early Warning Services without providing the required FCRA adverse action notice, causing network-wide service suspension.","Perform an urgent FCRA compliance investigation into the EWS reporting record linked to Dispute ID XXXX. If reporting errors or procedural notice omissions occurred, immediately update or delete the record with EWS and issue appropriate written disclosures to the customer.",Unknown,Unknown,Unknown,Unknown
2026-09-28 02:00:20,"My UPI payment failed but ₹5,000 was deducted from my account and I haven't received the money back.",Payment/Transfer Issue,NEGATIVE,HIGH,"A payment or transfer appears to be delayed, failed, or not received as expected.",Check the transaction status and reconciliation trail. Resolve or communicate the expected completion timeline.,"Potential payment processing, settlement, beneficiary or transaction-status issue.","Trace the transaction reference and status, verify settlement or reversal, and communicate the outcome to the customer.",Payments Operations,New
